v5_id,v4_id
1,7
2,8
3,13
4,15
5,16
6,17
7,18
8,19
9,21
10,22
11,23
12,24
13,25
14,26
15,28
16,29
17,30
18,32
19,33
20,34
21,35
22,36
23,37
24,38
25,39
26,40
27,41
28,42
29,44
30,45
31,46
32,47
33,48
34,49
35,50
36,53
37,54
38,55
39,56
40,57
41,58
42,59
43,60
44,62
45,63
46,64
47,65
48,66
49,67
50,68
51,69
52,70
53,71
54,72
55,74
56,75
57,76
58,77
59,78
60,79
61,81
62,82
63,83
64,84
65,85
66,86
67,87
68,88
69,89
70,90
71,91
72,92
73,93
74,94
75,95
76,96
77,97
78,98
79,99
80,101
81,102
82,103
83,104
84,105
85,106
86,107
87,108
88,109
89,110
90,111
91,112
92,133
93,114
94,115
95,117
96,118
97,119
98,120
99,121
100,122
101,123
102,124
103,125
104,126
105,127
106,128
107,129
108,130
109,131
110,132
111,133
112,134
113,135
114,136
115,137
116,138
117,139
118,140
119,141
120,142
121,143
122,144
123,145
124,146
125,147
126,148
127,149
128,150
129,
130,
131,
132,
133,
134,
135,
136,
